title,url,text,teacher,day,flag,flag_rand20,flag_rand20.1,flag_rand30,flag_rand50
"○演習Ⅰ（１）-5
Seminar I (1)-5",https://syllabus.doshisha.ac.jp/html/2023/0280/10280010005.html,"春学期は近世期の文学作品，とりわけ和歌や俳諧など韻文の読解を行い，それらの作品及び周辺作品の読解や研究の方法を正確に身につけられるよう，各自の発表と受講者全体による質疑応答を通して授業を進めてゆく。その中で，自らの興味・問題意識の所在を明らかにしてゆく。
秋学期は，春学期の成果を踏まえ，各自で定めたテーマにより発表を行う。次年度の卒業論文作成へとつなげるため，先行研究の調査や，論文作成の方法についても具体的に提示してゆく。",['大山\u3000和哉'],"(火曜日4講時)
面接/Face-to-face",,,,,1.0
"△日本文学講読（近現代Ｂ）-2
Readings in Japanese Literature (Modern B)-2",https://syllabus.doshisha.ac.jp/html/2023/0280/10280413002.html,"【文学研究における「読み」の実践②】
文学作品を「読む」とはどのような行為か。作品を「読む」とは，書かれた内容を単に要約的に理解することではない。テクストの言葉と論理に分け入り，そのなかから自身の解釈を導き出す，極めて能動的な介入行為である。
本講義では，1940～50年代に書かれた小説を主に取り上げる。個別の作品を精読することを通じて，「読む」行為についての知識や技能を養う。作品を「読む」際に欠かせない同時代状況への理解を踏まえつつ，そこから分析的な視座を立ち上げることができるようにする。同時に，作品研究をおこなううえで有効な文学理論・批評理論を概観し，テクストをさまざまな角度から捉えることができるようにする。そのうえで，文学作品の面白さを賞翫し，その作品が持つ意義について自分の言葉で考える力を身につける。",['加藤\u3000大生'],"(火曜日6講時)
面接/Face-to-face",,,,,1.0
"○コーポレート・ガバナンス
Corporate Governance",https://syllabus.doshisha.ac.jp/html/2023/0305/30305925000.html,コーポレートガバナンス・コード（CGコード）およびスチュアードシップ・コード（SSコード）の検討を行う。,['川口\u3000恭弘'],"(月曜日3講時)
面接/Face-to-face",,,,,1.0
"△２年次演習（行政法）-86
Seminar for Sophomore-86",https://syllabus.doshisha.ac.jp/html/2023/0307/10307701086.html,"本演習は，三年生から行政法ゼミを選択したい者の準備講座として位置づけている。演習では公法の重要判例を選び，判決に賛成する立場と反対する立場に分れて，ディベートを行うことによって，法的思考とはどのようなものかを理解し，法的思考力の習得を目標にしている。演習の進め方としては，受講生をグループに分け，毎回二つのグループにディベートを行ってもらい，他のグループも，そのディベートについて意見表明をしてもらう予定である。
欠席は原則として認めない。また単位取得の必須要件として，レポートの提出を要求する。なお演習で取り上げる判例については，開講時に指示する。",['佐伯\u3000彰洋'],"(金曜日3講時)
面接/Face-to-face",,,,,1.0
"△４年次演習３（西洋政治史）-137
Seminar for Seniors 3-137",https://syllabus.doshisha.ac.jp/html/2023/0307/10307707137.html,"このクラスは，４年次演習からの新規登録を認めます。
欧州統合およびイギリスを中心として，ヨーロッパ政治に関する諸問題を取り扱います。
今年度の授業では，ヨーロッパ政治について理解を深めるために，近年，グローバル化の動きを蝕むような動きが世界各地で見られるようになったことを，単に反グローバル化として捉えるのではなく，「トライバル化」という新たな概念を用いて，グローバル化に抗する動きの多様な実態を鮮やかに描き出しているテキストを講読します。
反グローバル化の象徴的な動きとして，よく挙げられるのは以下のような現象です。反EUを掲げる右派ポピュリズム，中東諸国で影響力を広げているイスラム原理主義，イギリスのブレグジット（EU離脱），「アメリカ・ファースト」を主張するトランプ前大統領，そして，偉大なるロシアの復活を求めてウクライナ戦争を起こしたプーチン大統領など，実にさまざまな現象が反グローバル化の波を体現するものとして引き合いに出されます。
こうした現象は，グローバル化に反対するだけではなく，興味深い共通点があるとされています。すなわち，他者はすべからく敵とみる同胞者共同体の構築と，共同体を囲む境界線の開放を破壊的他者の流入と決めつける敵意が共通しているとされるのです。テキストの著者は，これを「トライバル化」という概念で捉えています。グローバル化によって引き起こされたトラウマやアイデンティティの危機にさらされた人々は，国家，宗教，民族など自分が最もなじみのある「トライブ（部族）」の中に身を隠すようになったと考えられます。今年度の授業では，グローバル化の進展とともに顕著になったトライバル化に着目したテキストを講読することにより，グローバル化がどのような将来をもたらすのか受講者とともに考えていきたいと思います。
テキストを講読した後，それぞれ個人報告を行うことになりますが，その具体的なテーマについては，基本的に受講者の問題関心に沿ったものを取り上げることにします。また，受講者数や授業回数の関係で毎学期必ず実施できるかどうかはわかりませんが，できればヨーロッパ政治に限らず，より広く政治一般に関係する問題を取り上げて，ゼミ受講者の間でディベートを実施したいと考えています。ディベートを通じて，受講者の間で，大学生活のみならず広く社会生活においても有用なコミュニケーション能力の向上をめざしたいと考えています。
なお，ゼミ受講者は各自選んだヨーロッパ政治に関連するテーマでゼミ論文（12,000字以上）を執筆し，ゼミ終了時までに提出することになります。また，ゼミ論文執筆前に論文テーマに関する報告をしてもらいます。受講者が執筆したゼミ論文をまとめて，授業終了時にゼミ論文集を発行する予定です。",['力久\u3000昌幸'],"(金曜日4講時)
面接/Face-to-face",,,,,1.0
"△文献研究（英語）-7
Research in Documentary Study (English)-7",https://syllabus.doshisha.ac.jp/html/2023/0308/10308751007.html,"本講義では，英米の刑事法に関する英語文献を講読します。英語を精読する能力を身に着けるとともに，英米と日本の刑事法に関する問題を比較検討することで，問題を考えるうえでのより広い視野を養ってもらいます。
授業では, 配布テキストを受講者にあらかじめ訳してきてもらい, それに対して教員が英文法と文献の中身に関する解説を行います。また，必要に応じて，日本の問題状況についても調べて報告してもらいます。英文法の解説もできる限り丁寧に行いますが，受講者に基礎的な英文法の知識が備わっていることが望ましいです。",['梶\u3000悠輝'],"(水曜日2講時)
面接/Face-to-face",,,,,1.0
"△刑法演習Ⅱ２
Criminal Law Seminar II 2",https://syllabus.doshisha.ac.jp/html/2023/0365/30365712000.html,刑法各論における重要な問題について，研究書・論文を素材として，受講生によるレジュメの作成，内容の報告，問題提起に基づいて議論をすることにより，刑法学の理解と応用力を養成することを目的とする。取り上げるテーマについては，第1回授業時に，受講生と相談のうえ決定する。受講生には，学期末に報告したテーマについてレポートを提出することが求められる。,['松原\u3000久利'],"(火曜日3講時)
面接/Face-to-face",,,,,1.0
"○商法Ⅰ１-2
Commercial Law I 1-2",https://syllabus.doshisha.ac.jp/html/2023/0402/10402605002.html,現代の経済において重要な役割を担っている会社を法規制について，特に会社法といわれる分野を中心に説明する。会社法Iでは，会社の機能や会社法の機能といった会社法学の基本となる部分を説明したうえで，会社を実際に動かす立場にある経営者（法律上は「取締役」や「執行役」という名称である）に対する規律を中心に説明する。,['舩津\u3000浩司'],"(月曜日1講時)
面接/Face-to-face",,,,,1.0
"○データ処理基礎論-1
Data Processing Basics-1",https://syllabus.doshisha.ac.jp/html/2023/0403/10403062001.html,本科目では，情報技術と情報処理の基礎的な知識として，プログラミング言語の文法とアルゴリズムの考え方について初歩的な解説をします。アプリケーションを使っていかにデータ処理を行うかではなく，データ処理を行うアプリケーションがいかなるアルゴリズムとデータ構造から成り立っているのかという観点から講義を行っていきます．,['久保\u3000徳次郎'],"(月曜日5講時)
面接/Face-to-face",,,,,1.0
"△地域経済
Regional Economics",https://syllabus.doshisha.ac.jp/html/2023/0407/10407161000.html,"日本の地域・都市を念頭において，経済学の視点から，地域・都市経済の特徴と問題について概説し，
地域政策のあり方について考える。具体的には，
（1）地域経済計算と地域経済の成長・衰退分析
（2）地域の規模
（3）地域間交易
について説明する。
講義は，ミクロ経済学とマクロ経済学の知識を有していることを前提にして進める。",['小藤\u3000弘樹'],"(木曜日3講時)
面接/Face-to-face",,,,,1.0
"△【理】特講Ⅰ（上級マクロ経済理論２）
Topics in Introduction to Dynamic Macroeconomics 2 I",https://syllabus.doshisha.ac.jp/html/2023/0408/10408134000.html,本講義では，経済成長モデルと景気循環モデルを取り上げ，最近の展開までをフォローする。特に，資本市場の不完全性を明示的に導入したモデルを中心に議論する。また，バブルの経済分析も取り上げる。,['柴田\u3000章久'],"(水曜日5講時)
面接/Face-to-face",,,,,1.0
"○アカデミック・リテラシーⅠ-7
Academic Literacy I-7",https://syllabus.doshisha.ac.jp/html/2023/0522/10522101007.html,"本講義は，学生諸君に高校と大学の違いを認識してもらうとともに，大学で「学ぶ」ことの意味を考えるきっかけを提供するものです。
講義では，学生生活において必要とされる大学施設や各種サービスの利用法を習得し，また講義やゼミを通じて得た知的刺激と問題意識について自ら考え，より深い理解，より高度な知識を求めて積極的に学ぶために必要な学習スキルについて学びます。
そして，本講義により受講者ひとりひとりが「大学生としての主体的な学習方法」を身につけることを期待します。",['亀井\u3000大樹'],"(火曜日1講時)
面接/Face-to-face",,,,,1.0
"○基本統計学-12
Introduction to statistics-12",https://syllabus.doshisha.ac.jp/html/2023/0522/10522201012.html,現代のビジネスにおいては，データ分析に基づいた意思決定の重要性がますます高まっています。本講義では，企業の財務データや株価データなどビジネスに関連するデータを用いながら，データ分析の基礎となる統計学の入門的な内容を学びます。まず，データの整理や平均，分散などの記述統計を学習します。次に，推定，検定などの推測統計について学習します。また，学習内容を実践するため，Excelを使用した初歩的なデータ分析も行います。これらの内容から，適切に数字を読み取れて有益な情報を得られるようになるだけでなく，様々ビジネス現場で必要となる基礎的なデータ分析をできるようになることを目的とします。,['溝渕\u3000英之'],"(木曜日3講時)
面接/Face-to-face",,,,,1.0
"○大学院基礎演習-26
Basic Information Seminar-26",https://syllabus.doshisha.ac.jp/html/2023/0564/30564000026.html,中小企業ないしアントレプレナーシップの研究領域における専門書ないし国内・海外ジャーナル（英語）の文献を輪読し，担当者がレジメにまとめて発表することをつうじて，日本国内外の中小企業ないしアントレプレナーシップにかんする知識を習得していく。経営学にかんする知識があることが望ましい。,['関\u3000智宏'],"集中
面接/Face-to-face",,,,,1.0
"○アカデミック・スキル２-3(読解　社会ネットワークデータの解釈および議論)
Academic Skills 2-3 (Interpreting and discussing social network data)",https://syllabus.doshisha.ac.jp/html/2023/0702/10702004003.html,"この授業は，組織間の関係や，人と人との関係を分析する手法である社会ネットワーク分析の基礎を習得することを目的としています。
医療・福祉，まちづくり，環境保全などの公共政策，あるいは研究・開発といったビジネスなどの多くの場面で，1つの組織では解決できない課題が増加しており，解決のために，複数の組織が協働する組織間ネットワークが活用されています。また，人と人との関係については，個人の健康や就職などに，どのような人とどのような関係を築いているかという個人を取り巻くネットワークが影響することが知られています。
この授業では，組織間ネットワークに参加している組織の間の関係に焦点をあて（社会ネットワーク分析では，ホールネットワーク・アプローチと呼ばれます），効果的・効率的に公共政策あるいはビジネスにおける課題を解決できる組織間ネットワークの特徴を理解し，デザインするために必要となる社会ネットワーク分析の基礎を，文献を読むことと，自らデータを収集・分析することを通じて学習します。",['中嶋\u3000学'],"(水曜日3講時)
面接/Face-to-face",,,,,1.0
"○フィールド・リサーチ-135
Field Research-135",https://syllabus.doshisha.ac.jp/html/2023/0702/10702147135.html,"授業者が知識伝達を行う講義スタイルではなく，さまざまな現場（フィールド）に身をおき，そこで生じている社会的事象を把握すること，これが一般にフィールド・リサーチと呼ばれている研究の目指すところである。このフィールド・リサーチの過程をアクティブラーニング(能動的な学習)に基づいて実施，経験してもらうことが，この科目の趣旨である。つまり，現場で見たり，聞いたりした情報から，自分自身で「問題」を定義し，その解決方法を考えるために，学習者自らが主体的に企画立案し，その一連の過程を実践して，報告書にまとめることが求められている。受講生には現場で体験したことや学習したことを課題研究として取りまとめ，それらを基盤として，演習や卒業研究においてさらに調査研究を展開していくことを期待したい。
フィールド・リサーチのための手法は厳密に標準化されているわけではないが，一例をあげれば，インタビューや観察などに代表される質的（定性的）な調査方法や統計的手法に習熟したり，記録や分析のための手段として，さまざまなメディア機器を操作したりすることが必要となるかもしれない。さらには，フィールド先やクラスでのPBL(project/problem based learning）や，ディスカッション，プレゼンテーションなどを実施することも是非実践してもらいたい。ただ，どのような手法を用いるにしても，他人の生活や仕事の場であるフィールドに「割り込んで」研究をおこなうには，その場の人たちを尊重し，礼儀をわきまえた接し方ができること，つまり基本的なコミュニケーション能力が必要であることは言うまでもない。関係者との間に協力的な関係を築くことが，フィールド・リサーチが成立するための前提条件である。
フィールド・リサーチの単位認定にあたっては，事前計画書及び実施後の報告書を提出することが必須である。また，海外におけるフィールド・リサーチについては一定の条件を満たすものについて，補助制度が設けられている。計画書・報告書のフォームや提出手続，海外版フィールド・リサーチに対する補助基準等についての詳細は，政策学部ホームページに掲載の要領を参照されたい。
なお，研究計画の立案や研究の実施，報告書の作成などの指導ならびに評価は，演習の担当教員が個別におこなうものとする。",['藤本\u3000哲史'],"集中
面接/Face-to-face",,,,,1.0
"△研究演習Ⅰ-5(文化政策の視点から地域社会を“読む”)
Research Seminar I-5 (The Rsearch Into Area Subjects taking a general view of Cultural Policy)",https://syllabus.doshisha.ac.jp/html/2023/0703/30703003005.html,"演習入門に準じつつ，研究テーマの発展・深化を目指す。
（フィールドワークについても同様）",['井口\u3000貢'],"(土曜日1講時)
面接/Face-to-face",,,,,1.0
"○演習ⅠＡ（マス・コミュニケーション研究）
Seminar I A (Mass Communication Studies)",https://syllabus.doshisha.ac.jp/html/2023/0920/30920051000.html,受講者の関心に沿って，報道の内容分析・言説分析等を通じた仮説と検証のプロセスの在り方について学習する。KHコーダーなども使ったテキストマイニング分析などにも取り組む予定である。ただし，授業の内容や進め方については，履修生の関心や能力に応じて変更することがある。,['伊藤\u3000高史'],"(水曜日2講時)
面接/Face-to-face",,,,,1.0
"○道徳教育の理論と実践-2
Moral Education:Theory and Practice-2",https://syllabus.doshisha.ac.jp/html/2023/0952/10952227002.html,"本講義は，教職課程の中でも「道徳，総合的な学習の時間等の指導法及び生徒指導，教育相談等に関する科目」に相当し，「道徳の理論及び指導法（教育職員免許法施行規則第4条）」を扱う。本講義では，道徳教育の歴史と基本的な理論を取り上げ，学校における道徳教育の目的を理解できるようにする。あわせて，道徳教育の方法を取り上げ，教材研究，学習指導案の作成などを含めて，実践的な指導力が養われるようにする。本講義では，とりわけ〈人間としての生き方〉を教育するという観点に着目して，道徳の指導方法・実践やその目的に関して，より深い理解を得ることを目指す。
以上により，受講生各自が道徳教育の可能性とその課題とを同時に理解し，道徳のみならず教育実践全般に対するより広い関心を持つことを本講義の目標とする。さらにそのことがまた同時に，教職のみならず様々な学びへの積極的な意欲へとつながっていくことを望んでいる。",['山口\u3000洋介'],"(木曜日3講時)
面接/Face-to-face",,,,,1.0
"○道徳教育の理論と実践-53
Moral Education:Theory and Practice-53",https://syllabus.doshisha.ac.jp/html/2023/0952/10952227053.html,"本講義は，教職課程の中でも「道徳，総合的な学習の時間等の指導法及び生徒指導，教育相談等に関する科目」に相当し，「道徳の理論及び指導法（教育職員免許法施行規則第4条）」を扱う。本講義では，道徳教育の歴史と基本的な理論を取り上げ，学校における道徳教育の目的を理解できるようにする。あわせて，道徳教育の方法を取り上げ，教材研究，学習指導案の作成などを含めて，実践的な指導力が養われるようにする。本講義では，とりわけ〈人間としての生き方〉を教育するという観点に着目して，道徳の指導方法・実践やその目的に関して，より深い理解を得ることを目指す。
以上により，受講生各自が道徳教育の可能性とその課題とを同時に理解し，道徳のみならず教育実践全般に対するより広い関心を持つことを本講義の目標とする。さらにそのことがまた同時に，教職のみならず様々な学びへの積極的な意欲へとつながっていくことを望んでいる。",['山口\u3000洋介'],"(火曜日6講時)
面接/Face-to-face",,,,,1.0
"□京都の知恵ビジネス
Knowledge Businesses in Kyoto",https://syllabus.doshisha.ac.jp/html/2023/1300/61300438000.html,企業には，技術やノウハウ，アイデアやネットワークなど，人々が生み出した多くの知的な強みが存在する。これらをうまく使いこなすことで永続的な事業が可能になる。京都は創業後100年以上経過している老舗企業の比率が我が国で最も高く，永続に向けた様々な工夫すなわち知恵が存在する。一方で，進取の気性を尊ぶ社会でもあり，多くのベンチャー企業が生まれている。そこにも成長にむけた多様な知恵が用いられている。本講義では，京都の経営者の知恵を活かした経営を概観するとともに，知恵の創出や事業への活用法を考察することで，自らの（もしくは自身の所属する組織の）有する知的な強みを活用できる「知恵人」を養成することを目的にしている。具体的には，京都産業界の知恵を活かしたビジネスを概観し，知恵の創出や活用についてディスカッションを行う。その後，知恵（強み：受講生が所属する組織の強み，あるいは受講生の興味のある企業等の強み）について整理し，その知恵を生み出し，共有し，活用し続けられる組織のあり方について，自身の考えを発表するとともにレポートを作成する。,['中森\u3000孝文'],"(土曜日1講時・土曜日2講時)
面接/Face-to-face",,,,,1.0
"■ゼネラルマネジメント特殊研究-3(組織の維持・発展)
Specialized Research in General Management-3",https://syllabus.doshisha.ac.jp/html/2023/1300/61300499003.html,いかに組織を構築し，どのように組織を活用するかに関する経営学で蓄積されてきた知見を獲得し，実務における組織の問題を正しく認識し，問題を解決する方法を習得する。人と組織は不可分であるが，組織行動論のように人的観点を強調すると，組織のメカニズムの解明は困難になる。本講義では，人の要素については，組織行動論，人的資源管理，リーダーシップ等の科目に譲り，組織に注目した講義設計としている。組織マネジメントに関する基礎知識を活用し，企業以外の組織（軍隊組織と国家）に関する考察を行い，そこで得た知見を企業組織への応用を試みる。,['加登\u3000豊'],"(土曜日1講時・土曜日2講時)
面接/Face-to-face",,,,,1.0
"○医工学特別演習Ａ-3
Advanced Practices in Biomedical Engineering A-3",https://syllabus.doshisha.ac.jp/html/2023/1410/31410053003.html,生命医科学や医工学研究をテーマにして，各自が研究課題を見出し，課題解決の過程で新たな知見を得ることを目指す。そのために，最先端の内容を含め関連研究や技術に関する数多くの文献調査を行い，問題の背景や現代の研究課題を理解し，解決手法について考案したことを的確にまとめる能力を養う。,['伊藤\u3000利明'],"集中
面接/Face-to-face",,,,,1.0
"○制御工学Ⅰ-1
Control Engineering I-1",https://syllabus.doshisha.ac.jp/html/2023/1411/11411017001.html,"本講義では，制御理論の入門として，線形制御理論に関する基礎知識の修得を目標とする。はじめに制御の基礎概念を示した上で，本講義で取り扱う範囲を明確にする。
線形制御理論では，制御対象の動特性は主として伝達関数を用いて表され，それに基づいて制御系の解析や設計が行われる。この伝達関数は，制御対象への入力と出力の関係を表すものであり，微分方程式のラプラス変換によって得られる。
そこで，まず，1.ラプラス変換，ラプラス逆変換，および，ラプラス変換を用いた微分方程式の解法の基礎について学ぶ。次に，2.線形システムの入出力関係が伝達関数として表されることを学び，3.制御対象の入出力関係を，ブロック線図として図示的に表現する方法を学ぶ。そして，4.制御対象に単位ステップ信号などの基本的な入力信号が加えられたときの出力の時間的変化について学ぶ。また，5.正弦波入力信号に対する制御対象の応答である周波数応答について学び，6.周波数応答の図式表現であるベクトル軌跡，ボード線図，ゲイン位相線図について学ぶ。",['横川\u3000隆一'],"(水曜日2講時)
面接/Face-to-face",,,,,1.0
"△演習Ⅳ-10
Seminar IV-10",https://syllabus.doshisha.ac.jp/html/2023/1500/11500007010.html,卒業研究の「目的」「方法」「結果」「考察」について，それぞれの進行状況を互いのディスカッションの中から検証すると共に，論文作成やプレゼンテーションの能力を高めていく．「スポーツ健康科学論入門」「健康運動論」「発育発達と老化」は既修が望ましい．,['石井\u3000好二郎'],"(火曜日4講時)
面接/Face-to-face",,,,,1.0
"○社会情報システム
Social Informatics and Systems",https://syllabus.doshisha.ac.jp/html/2023/1615/11615045000.html,人間性豊かな情報化社会，ネットワーク社会の実現に向けた社会情報学の考え方，方法論，研究事例について学び，考える。具体的には，情報の相互作用，情報が媒介するヒト・モノ・コトの相互作用を，関係性のネットワークが生成・成長・発達・分裂・崩壊するプロセスとして捉え，理解し，活用することを考える。方法論としては，生物進化のしくみをコンピュータ上で実現する進化的な方法論と関係性をネットワーク構造として分析するネットワーク科学の方法論を用い，シミュレーションを通じて，優れた情報システムのしくみをデザインするためのモデル化・シミュレーション手法を学ぶ。企業内研究所での勤務経験を有する教員が，当該研究所で習得した技術や知識を基礎とした講義を行っている。,['木村\u3000達明'],"(木曜日4講時)
面接/Face-to-face",,,,,1.0
"△科学技術英語特論Ⅱ-1
Advanced Technical Writing in English Ⅱ-1",https://syllabus.doshisha.ac.jp/html/2023/1620/31620048001.html,この授業は，国際学会や会議で用いる英語と論文作成に向けた英作文の学習の二本立てである。「国際学会・会議での英語」では，その場面ごとでよく用いられる表現を解説しつつ，その意図についても説明する。さらに，国際学会や会議でのマナーや立ちふるまい方についても講義する。「論文作成に向けた英作文」では，論文の構成や科学論文特有の英語表現を中心に解説する。また，文と文のつながりを意識して，わかりやすい論文に仕上げるための工夫について紹介する。,"['森林\u3000健悟', '米谷\u3000佳晃']","(火曜日3講時)
面接/Face-to-face",,,,,1.0
"△Ａｄｖａｎｃｅｄ　ＥｎｇｌｉｓｈⅡ-24
Advanced English Ⅱ-24",https://syllabus.doshisha.ac.jp/html/2023/1630/31630030024.html,英語による発表能力の向上には，英語を使用する環境に身に置くことに加え，発表のための基本的な技術を学び，その上で自分の考えを適切かつ効果的に表現する訓練を積むことが必要である。本講義では，英語による研究発表のための文書の作成技術を修得するとともに，英語を用いた発表に対する意識を高めることを目的とする。,['平田\u3000勝哉'],"集中
面接/Face-to-face",,,,,1.0
"○機械工学研究実験Ⅲ-124
Research and Experiments in Mechanical Engineering Ⅲ-124",https://syllabus.doshisha.ac.jp/html/2023/1630/31630103124.html,"各研究室に配属され，修了に必要な研究テーマにつき研究を行う。
1．基礎知識の習得，テーマの探求
研究テーマについては指導教授と相談しながら決定する。配属初期には関係する文献・資料を収集し，テーマの背景や問題点について調べる。問題発見力，課題探求力を深く身につける。
2．研究活動
推論（仮説設定）⇒計画⇒実験⇒解析⇒結果と考察のまとめ，のプロセスを通して論理的，工学的思考力などを身に付ける。この過程で指導教授の指導や提案を受け，得られた結果について他の共同研究者等と討議することによりコミュニケーション能力を身に付ける。
3．プレゼンテーション
２年間の研究のまとめとして修士論文を作成する。また最後に公聴会において口頭でプレゼンテーションを行う。ここではまとめる能力，口頭発表能力を身に付ける。２年間の研究活動を通じて技術者として社会のニーズを汲み取る力や社会的使命感を身に付ける。","['石川\u3000健', '笹田\u3000昌弘']","集中
面接/Face-to-face",,,,,1.0
"△機械工学特殊研究Ⅵ
Directed Research in Mechanical Engineering Ⅵ",https://syllabus.doshisha.ac.jp/html/2023/1630/41630206000.html,本科目は博士課程（後期課程）における研究指導科目であり，指導教員の指導のもと，トップレベルの研究者あるいは技術者として活躍するための高度な研究能力・実践的な技術を身につけるとともに，専門分野において自立して研究活動ができる卓越した能力を養う。また，中間報告会などにおける積極的な成果発表を通し，プレゼンテーション能力やディスカッション能力を高めていく。さらに，国内外の学会，シンポジウム，国際会議，学会論文誌などにおいて研究成果を発表できるよう指導していき，博士論文執筆へつなげていく。,[],"集中
面接/Face-to-face",,,,,1.0
"△無機構造論
Molecular Structures of Inorganic Compounds",https://syllabus.doshisha.ac.jp/html/2023/1640/11640060000.html,"金属や半導体，セラミックス材料などに代表されるように，無機固体化合物は現代文明，技術，産業を支える重要な材料である。それらの多くは，分子の集合からなる分子性化合物ではなく，しばしば巨大分子とも呼ばれる結晶性化合物である。このような物質では，単位格子と呼ばれる最小の繰り返し単位となる原子・分子集団が存在し，さらに，イオン結合，共有結合，金属結合などの化学結合が物質全体に及ぶ。そのことによって，分子性化合物とは異なった特有の電気的，磁気的，光学的な性質が現れる。
したがって，まずはこのような結晶性化合物の結合および構造について理解することが重要である。本科目では，前半において無機固体化合物における化学結合とエネルギーについて精講する。後半では，無機固体化合物における分類や記述法などの結晶化学的な知見，および，回折法を中心とした構造解析法について述べる。さらに，磁性や電気伝導性，光学的性質など，無機固体化合物の構造に由来する物性について，基礎的な事項を述べる。この講義を通して，無機固体化合物の結合と構造について基礎的な知識を習得することを目的とする。
なお，本科目は「学習・教育目標　B　化学分野における専門知識の習得（2）専門応用」に含まれ，無機化学分野の専門基礎知識を学習することになる。",['加藤\u3000将樹'],"(金曜日2講時)
面接/Face-to-face",,,,,1.0
"○Ｒｅｓｅａｒｃｈ　ａｎｄ　Ｅｘｐｅｒｉｍｅｎｔｓ　Ⅳ（Ｅ）-29
Research and Experiments Ⅳ (E)-29",https://syllabus.doshisha.ac.jp/html/2023/1693/31693094029.html,"Throughout this course， students work on their research under their supervisors’ supervision in master degree program. This course aims to let students acquire basic ability of research and practical skills to be a researcher or engineer and outstanding ability to work on research independently in a specialized field.
In addition， students will present research achievement by the interim report in order to obtain high ability of presentation and discussion. Moreover， supervisors will stimulate to attend in national and international academic learned society， symposium or international conference and publish their research in an academic journal. Throughout these supervision， students will be able to write a Master's Thesis.",['高岡\u3000正憲'],"集中
面接/Face-to-face",,,,,1.0
"○心理学体系論演習Ⅲ-4
Psychological Systems Seminar III-4",https://syllabus.doshisha.ac.jp/html/2023/1701/31701205004.html,先行研究に基づいて研究計画の立案したり，研究計画に基づいて実施した研究結果や考察内容について発表を行い，その内容についてディスカッションを行う。,['神山\u3000貴弥'],"(水曜日5講時)
対面ネット併用授業/Hybrid class",,,,,1.0
"△脳科学研究特殊実験Ⅰ-8
Advanced Experiment in Brain Science Research I-8",https://syllabus.doshisha.ac.jp/html/2023/2102/52102011008.html,"論文を英文で執筆し，国際誌に投稿する。また，論文に現れない実験方法の工夫，ネガティブな実験結果や独自の考察，想像，今後の研究の方向や方針などを含めることで，研究学位論文としてまとめる。
Students write their findings as original papers in international journals. At the same time, students prepare for the thesis including the experimental methods in detail which does not appear in the original paper, considerations and discussions about experiment results, and direction and policy of their future research.",['御園生\u3000裕明'],"集中
面接/Face-to-face",,,,,1.0
"○教育課程論-53
Curriculum Study-53",https://syllabus.doshisha.ac.jp/html/2023/5010/15010070053.html,"学校の教育活動は，あらかじめ計画された教育課程に基づいてすすめられる。その教育課程は児童・生徒にとっての必要性と社会的必要性の二側面から吟味されなければならない。それは，人間教育という点において普遍的な側面を持つ一方，教育に対する時々の時代の期待や要請によって影響を受けるということである。
講義では，教育課程の原理や思想について考察するとともに，我が国の学校教育課程を規定している学習指導要領の構成を，教科課程と教科外課程（総合的な学習の時間など）に分けて論じ，学習指導要領全体に対する理解と具体的な実践さらにはその変遷を通して，教育課程の持つ問題点やあるべき姿を探っていきたい。また，教師に期待される教育課程編成・改善の基本的能力を身につけ，学校教育課程全体をマネジメントすることの意義について考えてみたい。
講義形式が中心となるが，グループでの作業をできるだけ取り入れることで，授業への積極的な参加を期待する。",['奥野\u3000浩之'],"(火曜日4講時)
面接/Face-to-face",,,,,1.0
"○教育方法とICT活用の理論と実践 -3
Theory and Practice of Teaching and ICT Use-3",https://syllabus.doshisha.ac.jp/html/2023/5010/15010111003.html,現代社会では，学習スタイルや雇用のあり方の変化が急速に進み，教育にも変化が求められるようになった。そのような時代において，子どもたちは創造性，批判的思考，問題解決，意思決定，協働などのスキルを身につけ，主体的・対話的な学びを実現し，デジタル情報時代にふさわしい態度や価値観を身につけることが期待されている。本講義では，教授・学習過程，授業の設計と学習指導，教育の評価，コンピュータと教育メディア，学習意欲・動機づけなど，教育方法に関する理論的諸問題について概説し，教育方法に関する理解を深め，子どもの主体的・対話的・深い学びを実現するための指導技術を身につける。また，より効果的な授業を行うために，情報機器の活用能力や教材作成能力の獲得を目指すとともに，子どもたちの情報活用能力育成についての指導技術を身につける。,['岡本\u3000真彦'],"(金曜日1講時)
面接/Face-to-face",,,,,1.0
"△地理歴史科教育法-1
Methods in Teaching Geography and History-1",https://syllabus.doshisha.ac.jp/html/2023/5010/15010250001.html,"本授業は，高等学校地理歴史科の設置背景や理念を理解し，地理歴史科の指導教員に必要な指導理念を考察するとともに，自らの指導観を確立し，指導計画の作成および授業設計を行えるようになることをめざして，以下のことを行う。

1．地理歴史科の歴史的展開，目標論，内容構成論，授業論，評価論，現代の課題などについて，学習指導要領にも言及しながら，地理歴史科の基本的原理を概観し理解させる。

2．高等学校地理歴史科の学習指導要領をもとに，科目である地理総合・地理探究，歴史総合・世界史探究，日本史探究についての授業づくりを行い，その結果を学習指導案および模擬授業等で発表させる。なお，授業づくりに際しては背景となる学問領域との関係に留意し，効果的な授業形態・メディアなどについても考察させ，学習指導案や模擬授業で取り入れ，活用させることをめざす。

公立学校において長きにわたって教職経験を有する教員が，社会科・地理歴史教育の現状と問題点をふまえ，社会科教育・地理歴史科教育の理論と実際について講義を行うとともに模擬授業指導を行う。",['本多\u3000千明'],"(金曜日3講時)
面接/Face-to-face",,,,,1.0
"△キリスト教と人間２-2(新約聖書の視点から)
Christianity and A Human Being 2-2 (From the Viewpoint of the New Testament)",https://syllabus.doshisha.ac.jp/html/2023/6000/16000012002.html,"本講義では，キリスト教の正典である新約聖書の概説と現代へのメッセージを扱う。新約聖書とその中心に位置するイエス・キリストの思想と行動，また初期キリスト教の歴史，思想，文化などに関する基礎的な知識を学ぶと共に，それが現代人の世界観や人生観とどのような関わりを持つかを考察する。
本講義は同志社大学において初めてキリスト教に接する学生を主な対象として行いつつ，既に中学・高等学校等でキリスト教を学んだ学生にとっても，新しい学びの領域に踏み込んだ展開をなすものである。講義形式であるが，映画等視聴覚教材を用いることがある。
尚，本講義は春学期開講の「旧約聖書とキリスト教（現代の視点からの学び）」（※2016年度以前生は「キリスト教と人間１（旧約聖書の視点から）」と合わせて受講することが望ましい。またキリスト教及び聖書のさまざまな理解に接するために，「授業時間外の学習」としてキリスト教文化センター主催「チャペル・アワー」への出席とレポート提出を課題に加える。",['森田\u3000喜基'],"(火曜日4講時)
面接/Face-to-face",,,,,1.0
"△Statistics for the Social Sciences and Humanities
Statistics for the Social Sciences and Humanities",https://syllabus.doshisha.ac.jp/html/2023/6000/16000724000.html,"Statistics has significant impact on our everyday life; from sports to politics to business, it is a near daily presence in our lives. Decision makers in almost every line of work rely on data and statistical studies to help them make wise decisions.

This course is intended as an introductory statistics course for students in the social sciences and humanities. The main goal of this course is to introduce the fundamental concepts of statistical reasoning so that the students can become better critical thinkers and decision makers.

Each class in this course will be divided into a lecture component, an in class mini-assignment (individual and/or group project)，and a follow up discussion based on the completed assignment. Reading assignment will be given every week and a mini-quiz will be given at the beginning of each class based on the contents of the previous lecture and the reading assignment.

Keywords: elementary probability, sampling and sampling distributions, Descriptive statistics, data presentation, statistical hypothesis testing, Microsoft Excel",['MYGDALSKYY VOLODYMYR'],"(火曜日4講時)
面接/Face-to-face",,,,,1.0
"△政治学２-52(政治の仕組みを考える)
Political Science 2-52 (Introduction to Politics)",https://syllabus.doshisha.ac.jp/html/2023/6003/16003401052.html,私たちが欲しい時に欲しいものをすべて手に入れることができたならば，おそらく政治は存在しないでしょう。政治とは，人間が集団で生活するなかで生じる力の関係をめぐる問題でもあり，利害関係の妥協点を見つける，あるいは何らかの理想を追求していく作業でもあります。この講義では，政治学の前提となっている国家とは何なのか，どのような仕組みで統治が行われるのかといった，政治学に関する基本的な問題に加えて，これまでの政治や政治学のあり方に問題提起を行う視点についても学びます。初学者向けの講義として位置づけますが，受講者にはある程度の専門用語や理論を理解してもらうとともに，学問的観点から政治と向き合うことができるようになることを目的としています。,['西\u3000直美'],"(火曜日5講時)
面接/Face-to-face",,,,,1.0
"△物質の科学２-55(発明・発見から学ぶ物質の科学)
Physical and Chemical Science 2-55 (Scientific Achievements, Inventions and Discoveries)",https://syllabus.doshisha.ac.jp/html/2023/6016/16016503055.html,自然科学の中でも物理学の成果の一つは，自然現象を予測できることである。ところが近年，予測が極めて困難な自然現象が知られるようになってきた。それがカオス現象である。予測が困難な現象は，我々の日常生活においても，重要な役割を果たす。その例として，気象予測や地震が挙げられる。コロナ感染者数の予測においても，同様な問題がある。ここでは，「自然現象のどのような性質が，予想可能性の可否を決めるのか」という問題に対し，その根源であるカオス現象に関して説明をする。,['戸田\u3000幹人'],"(火曜日4講時)
面接/Face-to-face",,,,,1.0
"△Core English (LS) - Intermediate 1-6
Core English (LS) - Intermediate 1-6",https://syllabus.doshisha.ac.jp/html/2023/6501/16501111006.html,"In this course, classes will be held in a hybrid mode that combines a weekly face-to-face lesson and a weekly e-learning-based online lesson. The face-to-face lessons aim to provide students with an English language education that will lead to the development of the key competency skills and lay the foundation for English studies, taking into account their future use of English. The course will be taught in English with a focus on English communication skills, and is designed to integrate the following six skills with particular focus placed on the underlined skills (listening and speaking).

Reception (listening comprehension [understanding what is said while listening]),
reading comprehension (understanding what one is reading; reading aloud)
Interaction (spoken interaction [exchanging thoughts while speaking]),
written interaction (responding and replying; providing peer feedback; etc.)
Production (spoken production [presentation-based; presentation]),
written production (writing based on a topic; essay)

Students work on Practical English (e-learning) in e-learning-based online lessons. There will be no specific class days. Students are expected to study individually on their own initiative. The course aims to develop autonomous learners and promote learning that allows skill integration. Instructions on how to log in to Practical English will be provided in the first face-to-face class.

The teaching materials of this course comprise various topics. The course aims to help students develop their English communication skills by actually using English, and it aims to do so by providing them with opportunities to improve their listening skills and develop their English communication skills, including critical-thinking skills (through such output opportunities as writing, group discussions, and presentations). Furthermore, in order to lay the foundations for students to become autonomous foreign language learners who are able to put their skills into practice in an integrated fashion, the course will provide students with advice on how they should study English, based on which stage of the learning process they are at.

The textbook that will be used in this course features newsreels from CBS, one of the three major networks in the United States. Students will aim to improve not only their English reception skills to accurately grasp and understand the content, but also their production skills to express their views on current affairs and explain them in their own words.

Homework assignments will include: short written responses to textbook questions, preparing interview questions to ask classmates about textbook topics, and preparation for the mid-term and final assignments.",['PETER NEFF'],"(火曜日1講時・インターネット)
対面ネット併用授業/Hybrid class",,,,,1.0
"○Core English (LS) - Intermediate 1-533
Core English (LS) - Intermediate 1-533",https://syllabus.doshisha.ac.jp/html/2023/6501/16501111533.html,"本科目は1週間で対面授業1回，e-learningによるオンライン授業1回を実施する対面とオンラインを組み合わせたハイブリッド型の授業形態となる。対面授業ではキーコンピテンシー能力育成に繋がる英語教育，将来を見越した英語学習の基盤づくりを目的とし，英語コミュニケーション能力に焦点を当てた下記6技能統合型の英語による授業を行うが，中でも下線のある技能（リスニング，スピーキング）にフォーカスして授業を行う。
・Reception (listening comprehension（リスニング理解）, 　reading comprehension（読解，音読）)
・Interaction (spoken interaction（やりとりしながら話すこと）,　written interaction（応答返信，ピア・フィードバックなど）)
・Production (spoken production（発表形式，プレゼンテーション）, written production（topic作文，essay）)

e-learningによるオンライン授業はe-learning（Practical English）に取り組む。特定の授業日は設けず，各自が主体的に学習を行い，自律的学習者の育成と技能統合の学習の促進を図ることを目的とする。「Practical English」のログイン方法等は初回の対面授業時に説明する。

対面授業では，アメリカ合衆国の三大ネットワークのひとつであるCBSのニュース映像を題材にしたテキストを使用する。受講者は内容を正確に把握，理解するための英語受信スキルだけでなく，時事問題について自身の言葉で見解を述べたり，説明をしたりする発信スキルの向上を目指す。",['中村\u3000裕子'],"(火曜日3講時・インターネット)
対面ネット併用授業/Hybrid class",,,,,1.0
"○Core English (LS) - Pre-Intermediate 2-518
Core English (LS) - Pre-Intermediate 2-518",https://syllabus.doshisha.ac.jp/html/2023/6501/16501122518.html,"本科目は1週間で対面授業1回，e-learningによるオンライン授業1回を実施する対面とオンラインを組み合わせたハイブリッド型の授業形態となる。対面授業ではキーコンピテンシー能力育成に繋がる英語教育，将来を見越した英語学習の基盤づくりを目的とし，英語コミュニケーション能力に焦点を当てた下記6技能統合型の英語による授業を行うが，中でも下線のある技能（リスニング，スピーキング）にフォーカスして授業を行う。
Reception (listening comprehension（リスニング理解）,
reading comprehension（読解，音読）)
Interaction (spoken interaction（やりとりしながら話すこと）,
written interaction（応答返信，ピア・フィードバックなど）)
Production (spoken production（発表形式，プレゼンテーション）,
written production（topic作文，essay）)

e-learningによるオンライン授業はe-learning（Practical English）に取り組む。特定の授業日は設けず，各自が主体的に学習を行い，自律的学習者の育成と技能統合の学習の促進を図ることを目的とする。「Practical English」のログイン方法等は初回の対面授業時に説明する。


基礎的な文法力・語彙力アップを踏まえつつ，日常生活レベルのリスニング力・スピーキング力を身につけることをこのクラスの指導目標とする。主に授業時間外の課題として英文多読に取り組み，英語の基礎力の定着を図る。

TED Talkに基づく教材を用い，英語力の養成を目指す。テキストの内容理解のための INPUT 活動（e.g., listening/reading comprehension），頭に英語を「取り込む」ための INTAKE 活動（e.g., reading out loud, overlapping/shadowing），INPUT/INTAKE した英語を使った OUTPUT 活動（e.g., スクリプトの穴あき音読）を行う。このように INPUT→INTAKE→OUTPUTという流れにそった活動を通じて，英語力を増進させる。リスニングによる内容理解を中心に，音読などにより本文で使われていた英語表現を自分の頭に取り込み，さらにそれらの表現を使ったアウトプット活動も行う。加えて，日本のような非英語圏における英語学習で問題になるインプットの不足を解消するため，e-learningによるオンライン授業ならびにグレイディッド・リーダーを用いた多読 (extensive reading) を行い，教室外でもたくさんの英語に触れてもらう。これらの教室内外の活動を通じて英語力を確実に向上させる。",['稲垣\u3000俊史'],"(火曜日3講時・インターネット)
対面ネット併用授業/Hybrid class",,,,,1.0
"○ドイツ語入門Ⅰ-752
Elementary German I-752",https://syllabus.doshisha.ac.jp/html/2023/6502/16502011752.html,"【キーワード】　文法，会話，「ヨーロッパ言語共通参照枠（CEFR）」のA1レベル，スタートドイツ語1（SD1）
【目標・内容】　新たにドイツ語を始める皆さんには，次の二つの選択肢が用意されています。（1）「ドイツ語入門」（週2回），もしくは（2）「ドイツ語インテンシヴ」（週3回）。いずれも初歩つまりドイツ語の文字と発音に慣れることから学びますが，これにオプション・クラスである「ドイツ語会話初級」（週1回）を加えることが出来ます。冊子『外国語学習ガイドブック』で解説されている〈履修の流れ〉が参考になります。（帰国生等，既にドイツ語を学んだ経験のある人は，入学後の〈初修外国語科目登録認定〉の時に申し出て下さい）。
「ドイツ語入門Ⅰ」は，初心者のための入門クラスです。皆さんにとって新たな外国語であるドイツ語を「聞き，話し，読み，書く」ための技能が，無理なく身に付くように授業のテンポはゆったりとしています。１冊のテキストを用いてリレー方式で週2回行なう授業で，2人の教員が共同で授業運営に当たり，成績評価も共同で行います。","['藤井\u3000あゆみ', '湯浅\u3000博章']","(水曜日6講時・金曜日6講時)
面接/Face-to-face",,,,,1.0
"△ロシア語入門Ⅱ-21
Elementary Russian II-21",https://syllabus.doshisha.ac.jp/html/2023/6506/16506012021.html,"【キーワード】　ロシア語，入門，読む，話す
【目標・内容】　入門Ⅰとは別の教科書を使い，読んだり，話したりする能力を高めます。
入門Ⅱでは，入門Ⅰで学んだ文法事項を深め，例外的な変化も学習するとともに，ロシア語を使って話す能力，ロシア語を聞きとる能力，読む能力の育成をめざします。","['前田\u3000俊之', '山口\u3000涼子']","(火曜日4講時・土曜日1講時)
面接/Face-to-face",,,,,1.0
"○コリア語文化事情１-51
Studies in Korean-Speaking Cultures 1-51",https://syllabus.doshisha.ac.jp/html/2023/6507/16507051051.html,"コリアの文化・社会について理解を深めながら，コリア語中級レベルの四技能，特にリーディングとリスニングの能力を養うことをめざします。
授業ではテキストのテーマごとに基本的な情報をふまえた上で，映画や音楽，ニュース記事や小説等，多様なメディアを用いて聞き取りやディスカッションを行います。またテーマを選び，個人あるいはグループで発表します。
大韓民国に限らず朝鮮民主主義人民共和国や世界の在外コリアンたちの言語や文化にも触れる機会を持ち，コリア文化の多様性と奥深さについて学べるようにします。",['柳\u3000美佐'],"(木曜日4講時)
面接/Face-to-face",,,,,1.0
"△スポーツ・健康の科学Ｃ-21(スポーツ・教育の歴史と文化)
Sports and Health Science C-21 (History and Culture of　Sports,Education)",https://syllabus.doshisha.ac.jp/html/2023/6601/16601116021.html,"本授業では，まず，スポーツ・教育の歴史と文化を概観し，特に，戦争とスポーツ・教育・体育の関係性について理解を深める。次に，各論として，運動会・武道・舞踊・健康・身体の歴史と文化を学び，近代の身体について考察する。さらに，教科書研究の成果を教材として，近代教科書にみる戦争の記憶と身体文化について探求する。
本授業を通して，スポーツ・教育の歴史と文化に関する学習を踏まえて，現代のスポーツ・教育を取り巻く今日的課題について考察することを目的とする。
キーワード：スポーツ史，体育史，教育史，植民地教育史，近代教科書，植民地教科書，台湾，朝鮮，南洋群島，「満洲」，戦争の記憶，運動会，武道，舞踊，健康，身体，身体と教育，スポーツ文化，身体文化，身体と近代化，身体規律など
参加型の授業をめざしているので，積極的な授業参加意欲を望む。",['北島\u3000順子'],"(月曜日5講時)
面接/Face-to-face",,,,,1.0
"△日本語２（読解ＡⅤ）-71
Japanese 2 (Reading Comprehension A Ⅴ)-71",https://syllabus.doshisha.ac.jp/html/2023/9001/99001521071.html,この授業では，中級後半レベルの読解力を身につけることを目的とする。文章全体の意味を理解するだけでなく，指示語や文の構成などにも注意して精読をおこなう。テキストと並行して新聞や雑誌の記事など時事的な文章も読んでいく。,['根川\u3000幸男/NEGAWA Sachio'],"(月曜日2講時)
面接/Face-to-face",,,,,1.0
"△国際ビジネスＣ-51(Global Business History)
International Business C-51 (Global Business History)",https://syllabus.doshisha.ac.jp/html/2023/9004/99004023051.html,"Global business history is a new and challenging frontier in an academic field. This class will discuss the development of business and management from a global perspective, by using a textbook and several movies relating to the history of multinational enterprises and global business from the end of the 19th century to the present. The class will consist of two parts: a lecture and discussion, and presentations by students.",['西村\u3000成弘/NISHIMURA Shigehiro'],"(木曜日3講時)
面接/Face-to-face",,,,,1.0
